Date,Name,Year,Letterboxd URI
2023-01-04,Black Magic M-66,1987,https://boxd.it/25c
2023-01-04,Princess Arete,2001,https://boxd.it/io0
2023-01-04,Walkabout,1971,https://boxd.it/1bsG
2023-01-04,S.O.B.,1981,https://boxd.it/1sh6
2023-01-04,On the Silver Globe,1988,https://boxd.it/1sAM
2023-01-04,Class of Nuke 'Em High,1986,https://boxd.it/1tEU
2023-01-04,The Adventures of Mark Twain,1985,https://boxd.it/1Ekw
2023-01-04,The Legend of the Swordsman,1992,https://boxd.it/1GvQ
2023-01-04,Soldier Blue,1970,https://boxd.it/1Odq
2023-01-04,Lady in the Water,2006,https://boxd.it/1Y1E
2023-01-04,The Gift,2000,https://boxd.it/27ys
2023-01-04,Exodus,1960,https://boxd.it/27O6
2023-01-04,Don't Look Now,1973,https://boxd.it/29fC
2023-01-04,Short Cuts,1993,https://boxd.it/29Nk
2023-01-04,The Doll,1968,https://boxd.it/2Qkg
2023-01-04,The Congress,2013,https://boxd.it/4Ota
2023-01-04,The Boxtrolls,2014,https://boxd.it/5grw
2023-01-04,Shamshera,2022,https://boxd.it/jFYe
2023-01-04,"La Commune (Paris, 1871)",2000,https://boxd.it/9rO
2023-01-04,Welcome to the Space Show,2010,https://boxd.it/djE
2023-01-04,Nasu: Summer in Andalusia,2003,https://boxd.it/f2K
2023-01-04,The Mysterious Geographic Explorations of Jasper Morello,2005,https://boxd.it/yck
2023-01-04,The Prize of Peril,1983,https://boxd.it/BN4
2023-01-04,Hiruko the Goblin,1991,https://boxd.it/163c
2023-01-04,The Five Star Stories,1989,https://boxd.it/1dX2
2023-01-04,A Tree of Palme,2002,https://boxd.it/1ldQ
2023-01-04,Overnight,2003,https://boxd.it/1sHS
2023-01-04,Hellzapoppin',1941,https://boxd.it/1FD0
2023-01-04,Withnail & I,1987,https://boxd.it/1Qa4
2023-01-04,Return to Oz,1985,https://boxd.it/1QHM
2023-01-04,Thunderheart,1992,https://boxd.it/1S4s
2023-01-04,Kalifornia,1993,https://boxd.it/1V6m
2023-01-04,Wolf Creek,2005,https://boxd.it/1XC0
2023-01-04,Heathers,1989,https://boxd.it/26x4
2023-01-04,Velvet Goldmine,1998,https://boxd.it/2878
2023-01-04,The Hustler,1961,https://boxd.it/298G
2023-01-04,The Last Emperor,1987,https://boxd.it/29Ji
2023-01-04,La bostella,2000,https://boxd.it/2oRc
2023-01-04,Extraterrestrial,2011,https://boxd.it/2DkW
2023-01-04,Gaijin: A Brazilian Odyssey,1980,https://boxd.it/62eU
2023-01-04,Hamilton,2020,https://boxd.it/kmvE
2023-01-04,Words Bubble Up Like Soda Pop,2020,https://boxd.it/ljhG
2023-01-04,Peter Ibbetson,1935,https://boxd.it/mLs
2023-01-04,Beloved,1998,https://boxd.it/13Gg
2023-01-04,Heaven & Earth,1993,https://boxd.it/1iE0
2023-01-04,Betrayed,1988,https://boxd.it/1iH4
2023-01-04,Investigation of a Citizen Above Suspicion,1970,https://boxd.it/1tRY
2023-01-04,The Last Seduction,1994,https://boxd.it/1w4g
2023-01-04,Something Wicked This Way Comes,1983,https://boxd.it/1wWC
2023-01-04,Dry Season,2006,https://boxd.it/1yaq
2023-01-04,Testament,1983,https://boxd.it/1CcK
2023-01-04,Deep Cover,1992,https://boxd.it/1D5g
2023-01-04,The Fabulous World of Jules Verne,1958,https://boxd.it/1Ezw
2023-01-04,Threads,1984,https://boxd.it/1I0g
2023-01-04,The Boys from Brazil,1978,https://boxd.it/1KvK
2023-01-04,The Company of Wolves,1984,https://boxd.it/1SO6
2023-01-04,The Cooler,2003,https://boxd.it/1Vvc
2023-01-04,The Ghost and the Darkness,1996,https://boxd.it/1VTe
2023-01-04,Running Scared,2006,https://boxd.it/210E
2023-01-04,Amsterdamned,1988,https://boxd.it/27su
2023-01-04,The Stolen Airship,1966,https://boxd.it/2qOO
2023-01-04,The Sweatbox,2002,https://boxd.it/3mI0
2023-01-04,Get on Up,2014,https://boxd.it/73bO
2023-01-04,Short Peace,2013,https://boxd.it/7oPq
2023-01-04,Old Czech Legends,1953,https://boxd.it/7AuE
2023-01-04,Modest Heroes,2018,https://boxd.it/iDYa
2023-01-04,The Jericho Mile,1979,https://boxd.it/msU
2023-01-04,Daniel,1983,https://boxd.it/qVm
2023-01-04,Shoeshine,1946,https://boxd.it/UoM
2023-01-04,Burn!,1969,https://boxd.it/Ws2
2023-01-04,Harmagedon,1983,https://boxd.it/XO4
2023-01-04,The Navigator: A Medieval Odyssey,1988,https://boxd.it/1dz0
2023-01-04,Reds,1981,https://boxd.it/1Hhq
2023-01-04,Fiddler on the Roof,1971,https://boxd.it/1Nle
2023-01-04,Memphis Belle,1990,https://boxd.it/1RuE
2023-01-04,What Dreams May Come,1998,https://boxd.it/1SoM
2023-01-04,Underground,1995,https://boxd.it/1SOA
2023-01-04,Intacto,2001,https://boxd.it/1VdM
2023-01-04,Red Rock West,1993,https://boxd.it/1Wi4
2023-01-04,The Wraith,1986,https://boxd.it/1Xia
2023-01-04,1900,1976,https://boxd.it/24Zg
2023-01-04,The Killing Fields,1984,https://boxd.it/29Yi
2023-01-04,World Apartment Horror,1991,https://boxd.it/3xqQ
2023-01-04,Kizumonogatari Part 1: Tekketsu,2016,https://boxd.it/c7sO
2023-01-04,A Ghost Story,2017,https://boxd.it/fb0K
2023-01-04,System K,2019,https://boxd.it/lcE4
2023-01-04,God Speed You! Black Emperor,1976,https://boxd.it/Ivc
2023-01-04,Roadgames,1981,https://boxd.it/VjI
2023-01-04,The Inn of the Sixth Happiness,1958,https://boxd.it/18jc
2023-01-04,Innocence,2004,https://boxd.it/1f8A
2023-01-04,The Offence,1973,https://boxd.it/1gPq
2023-01-04,Coffy,1973,https://boxd.it/1Bao
2023-01-04,Angel's Egg,1985,https://boxd.it/1LeA
2023-01-04,The 7th Voyage of Sinbad,1958,https://boxd.it/1M4w
2023-01-04,The Big Country,1958,https://boxd.it/1RQU
2023-01-04,The Osterman Weekend,1983,https://boxd.it/1Sda
2023-01-04,How the West Was Won,1962,https://boxd.it/1SPo
2023-01-04,The Rescuers Down Under,1990,https://boxd.it/1Uya
2023-01-04,Picnic at Hanging Rock,1975,https://boxd.it/1UQe
2023-01-04,The Age of Innocence,1993,https://boxd.it/1WgM
2023-01-04,The Quiet Earth,1985,https://boxd.it/1WTE
2023-01-04,My Lucky Stars,1985,https://boxd.it/1Xe8
2023-01-04,Creep,2004,https://boxd.it/203C
2023-01-04,Joe Versus the Volcano,1990,https://boxd.it/26Ce
2023-01-04,Open Range,2003,https://boxd.it/27xE
2023-01-04,Hidalgo,2004,https://boxd.it/27BG
2023-01-04,The Piano,1993,https://boxd.it/29Kq
2023-01-04,The Great Beauty,2013,https://boxd.it/5ty6
2023-01-04,PERSONA3 THE MOVIE #1 Spring of Birth,2013,https://boxd.it/6ky4
2023-01-04,Edge,2015,https://boxd.it/i5iO
2023-01-04,Serie Noire,1979,https://boxd.it/1vS
2023-01-04,F for Fake,1973,https://boxd.it/VxA
2023-01-04,Ulzana's Raid,1972,https://boxd.it/WLS
2023-01-04,A Special Day,1977,https://boxd.it/Xqc
2023-01-04,Isolation,2005,https://boxd.it/1uKa
2023-01-04,The Brink's Job,1978,https://boxd.it/1xFM
2023-01-04,Trick 'r Treat,2007,https://boxd.it/1zvE
2023-01-04,The Naked Prey,1965,https://boxd.it/1GOo
2023-01-04,The Man from Laramie,1955,https://boxd.it/1HgC
2023-01-04,Running on Empty,1988,https://boxd.it/1How
2023-01-04,The Man Who Shot Liberty Valance,1962,https://boxd.it/1Tdg
2023-01-04,The Hard Way,1991,https://boxd.it/1TYw
2023-01-04,Dersu Uzala,1975,https://boxd.it/1XRO
2023-01-04,The Shadow,1994,https://boxd.it/1ZKK
2023-01-04,The Longest Yard,1974,https://boxd.it/23vO
2023-01-04,Brubaker,1980,https://boxd.it/28sq
2023-01-04,An American Werewolf in London,1981,https://boxd.it/29yk
2023-01-04,Frenzy,1972,https://boxd.it/2a62
2023-01-04,The Poseidon Adventure,1972,https://boxd.it/2a9g
2023-01-04,HK: Forbidden Super Hero,2013,https://boxd.it/68pE
2023-01-04,Starred Up,2013,https://boxd.it/6fRq
2023-01-04,Shaun the Sheep Movie,2015,https://boxd.it/7Pdy
2023-01-04,The Wonderland,2019,https://boxd.it/l3Ps
2023-01-04,The Truth,1960,https://boxd.it/d3Q
2023-01-04,I Wanna Hold Your Hand,1978,https://boxd.it/rN4
2023-01-04,"Objective, Burma!",1945,https://boxd.it/Uly
2023-01-04,Garden of Evil,1954,https://boxd.it/1b82
2023-01-04,The Producers,1967,https://boxd.it/1lMm
2023-01-04,The Battle of Algiers,1966,https://boxd.it/1IRY
2023-01-04,Maniac Cop,1988,https://boxd.it/1OtS
2023-01-04,The Dam Busters,1955,https://boxd.it/1QAc
2023-01-04,Dreams,1990,https://boxd.it/1ROu
2023-01-04,The Man with Two Brains,1983,https://boxd.it/1TtI
2023-01-04,Always,1989,https://boxd.it/1U3G
2023-01-04,Into the Night,1985,https://boxd.it/1U5W
2023-01-04,The Dead Zone,1983,https://boxd.it/1U6g
2023-01-04,Hustle & Flow,2005,https://boxd.it/1Wau
2023-01-04,Medicine Man,1992,https://boxd.it/1ZaW
2023-01-04,My Darling Clementine,1946,https://boxd.it/25LE
2023-01-04,Brute Force,1947,https://boxd.it/2lh6
2023-01-04,The Track,1975,https://boxd.it/2DxQ
2023-01-04,Street Scene,1931,https://boxd.it/3GOs
2023-01-04,Eega,2012,https://boxd.it/4HhQ
2023-01-04,I Kill Giants,2017,https://boxd.it/ePQ0
2023-01-04,American Animals,2018,https://boxd.it/hE4K
2023-01-04,Walt Disney,2015,https://boxd.it/SZhY
2023-01-04,King of Comedy,1999,https://boxd.it/xco
2023-01-04,Never Let Me Go,2010,https://boxd.it/Xw0
2023-01-04,Utu,1983,https://boxd.it/XGu
2023-01-04,Full Tilt Boogie,1998,https://boxd.it/1adU
2023-01-04,Duel in the Sun,1946,https://boxd.it/1hns
2023-01-04,The 317th Platoon,1965,https://boxd.it/1jji
2023-01-04,A Matter of Life and Death,1946,https://boxd.it/1q6K
2023-01-04,The Magic Blade,1976,https://boxd.it/1sYY
2023-01-04,The Thief and the Cobbler,1993,https://boxd.it/1tpq
2023-01-04,The Brothers Bloom,2008,https://boxd.it/1Bqm
2023-01-04,In the Loop,2009,https://boxd.it/1EsA
2023-01-04,The Gauntlet,1977,https://boxd.it/1IdO
2023-01-04,Only Yesterday,1991,https://boxd.it/1MR4
2023-01-04,A Man Called Horse,1970,https://boxd.it/1NB2
2023-01-04,The Hairdresser's Husband,1990,https://boxd.it/1T4o
2023-01-04,What Ever Happened to Baby Jane?,1962,https://boxd.it/1WJE
2023-01-04,The Sugarland Express,1974,https://boxd.it/23la
2023-01-04,Badlands,1973,https://boxd.it/25Fm
2023-01-04,Born on the Fourth of July,1989,https://boxd.it/26A8
2023-01-04,The Drifting Classroom,1987,https://boxd.it/2VMY
2023-01-04,Killer Clans,1976,https://boxd.it/36uQ
2023-01-04,The Lords of Salem,2012,https://boxd.it/3yDm
2023-01-04,Bajirao Mastani,2015,https://boxd.it/ck2O
2023-01-04,U Turn,2018,https://boxd.it/jvko
2023-01-04,Duel to the Death,1983,https://boxd.it/Dky
2023-01-04,Timebomb,1991,https://boxd.it/Szy
2023-01-04,Dragon Inn,1992,https://boxd.it/12dC
2023-01-04,The Devils,1971,https://boxd.it/1inI
2023-01-04,Play Dirty,1969,https://boxd.it/1trQ
2023-01-04,Electra Glide in Blue,1973,https://boxd.it/1u5w
2023-01-04,Come Drink with Me,1966,https://boxd.it/1uf2
2023-01-04,Expedition: Bismarck,2002,https://boxd.it/1w1G
2023-01-04,Ghosts of the Abyss,2003,https://boxd.it/1wDq
2023-01-04,Aliens of the Deep,2005,https://boxd.it/1Aok
2023-01-04,Wicked City,1987,https://boxd.it/1BSA
2023-01-04,The 36th Chamber of Shaolin,1978,https://boxd.it/1SXC
2023-01-04,Dead Presidents,1995,https://boxd.it/1TQi
2023-01-04,The Adventures of Buckaroo Banzai Across the 8th Dimension,1984,https://boxd.it/1TZk
2023-01-04,The Majestic,2001,https://boxd.it/1UFU
2023-01-04,Phantasm,1979,https://boxd.it/1YaG
2023-01-04,Soldier,1998,https://boxd.it/1YIo
2023-01-04,Eagle vs Shark,2007,https://boxd.it/1ZSY
2023-01-04,A Boy and His Dog,1975,https://boxd.it/23FO
2023-01-04,Charlie's Angels,2000,https://boxd.it/24v6
2023-01-04,The Night of the Hunter,1955,https://boxd.it/25HW
2023-01-04,Bringing Up Baby,1938,https://boxd.it/29ks
2023-01-04,Dragon Inn,1967,https://boxd.it/3xGa
2023-01-04,Blancanieves,2012,https://boxd.it/4bwu
2023-01-04,The Anderson Tapes,1971,https://boxd.it/1keS
2023-01-04,Charley Varrick,1973,https://boxd.it/1s2q
2023-01-04,Two-Lane Blacktop,1971,https://boxd.it/1sfE
2023-01-04,Point Blank,1967,https://boxd.it/1uAE
2023-01-04,City of Life and Death,2009,https://boxd.it/1C3I
2023-01-04,Colossus: The Forbin Project,1970,https://boxd.it/1Nmw
2023-01-04,Southern Comfort,1981,https://boxd.it/1RMI
2023-01-04,Drunken Master II,1994,https://boxd.it/1Si0
2023-01-04,Capricorn One,1977,https://boxd.it/1SJq
2023-01-04,Invasion of the Body Snatchers,1956,https://boxd.it/1TAa
2023-01-04,Altered States,1980,https://boxd.it/1TBi
2023-01-04,Thief,1981,https://boxd.it/1TEc
2023-01-04,Pirates,1986,https://boxd.it/1TKa
2023-01-04,Catch-22,1970,https://boxd.it/1WrK
2023-01-04,A Perfect World,1993,https://boxd.it/1Yng
2023-01-04,Tokyo!,2008,https://boxd.it/1ZxG
2023-01-04,Bringing Out the Dead,1999,https://boxd.it/1ZZK
2023-01-04,They Live,1988,https://boxd.it/20lm
2023-01-04,Young Frankenstein,1974,https://boxd.it/25To
2023-01-04,Raging Bull,1980,https://boxd.it/28yI
2023-01-04,Sunset Boulevard,1950,https://boxd.it/2a20
2023-01-04,At the End of the Tunnel,2016,https://boxd.it/dN92
2023-01-04,The Fury of a Patient Man,2016,https://boxd.it/evDg
2023-01-04,Up to His Ears,1965,https://boxd.it/cVW
2023-01-04,The Second Civil War,1997,https://boxd.it/Qty
2023-01-04,Zu: Warriors from the Magic Mountain,1983,https://boxd.it/16DY
2023-01-04,Voices of a Distant Star,2002,https://boxd.it/17dM
2023-01-04,"They Shoot Horses, Don't They?",1969,https://boxd.it/1q9u
2023-01-04,Clockers,1995,https://boxd.it/1D7w
2023-01-04,Assault on Precinct 13,1976,https://boxd.it/1I2c
2023-01-04,King of Hearts,1966,https://boxd.it/1Iei
2023-01-04,Play Misty for Me,1971,https://boxd.it/1MjQ
2023-01-04,Jade,1995,https://boxd.it/1SUe
2023-01-04,Peggy Sue Got Married,1986,https://boxd.it/1XiO
2023-01-04,Ginger Snaps,2000,https://boxd.it/1XEg
2023-01-04,The Exorcist,1973,https://boxd.it/1Yoo
2023-01-04,The Gate,1987,https://boxd.it/21ka
2023-01-04,The Spirit of the Beehive,1973,https://boxd.it/24eY
2023-01-04,Sweet Smell of Success,1957,https://boxd.it/29aW
2023-01-04,The Thomas Crown Affair,1999,https://boxd.it/29im
2023-01-04,Silent Running,1972,https://boxd.it/29yO
2023-01-04,The Lord of the Rings,1978,https://boxd.it/2b5k
2023-01-04,Blue Ruin,2013,https://boxd.it/5H8G
2023-01-04,To Steal from a Thief,2016,https://boxd.it/bPui
2023-01-04,Struggle for Life,2016,https://boxd.it/d6Zk
2023-01-04,Seoul Station,2016,https://boxd.it/dBYs
2023-01-04,Score: A Film Music Documentary,2016,https://boxd.it/f630
2023-01-04,Shogun's Shadow,1989,https://boxd.it/jn8
2023-01-04,One from the Heart,1982,https://boxd.it/ZJq
2023-01-04,The Street Fighter,1974,https://boxd.it/10Tc
2023-01-04,Peking Opera Blues,1986,https://boxd.it/13fO
2023-01-04,The Other,1972,https://boxd.it/1cvw
2023-01-04,Greed in the Sun,1964,https://boxd.it/1eqy
2023-01-04,The 4th Man,1983,https://boxd.it/1o7c
2023-01-04,I... For Icarus,1979,https://boxd.it/1w6m
2023-01-04,The Last Picture Show,1971,https://boxd.it/1weg
2023-01-04,The Fountainhead,1949,https://boxd.it/1xgW
2023-01-04,Escape to Victory,1981,https://boxd.it/1IMa
2023-01-04,Anything for Her,2008,https://boxd.it/1NR0
2023-01-04,Romanzo Criminale,2005,https://boxd.it/1Oee
2023-01-04,Timecrimes,2007,https://boxd.it/1OGM
2023-01-04,Osmosis Jones,2001,https://boxd.it/1RAi
2023-01-04,Three Days of the Condor,1975,https://boxd.it/1SF4
2023-01-04,Dead Calm,1989,https://boxd.it/1W7K
2023-01-04,Double Indemnity,1944,https://boxd.it/297I
2023-01-04,Notorious,1946,https://boxd.it/2aDK
2023-01-04,Run Lola Run,1998,https://boxd.it/2b8o
2023-01-04,The Myth of the American Sleepover,2010,https://boxd.it/2t9u
2023-01-04,The King of Pigs,2011,https://boxd.it/3cvU
2023-01-04,Minuscule: Valley of the Lost Ants,2013,https://boxd.it/4vO4
2023-01-04,The Taking of Tiger Mountain,2014,https://boxd.it/9khe
2023-01-04,"Writers : 1983-2003, 20 ans de graffiti à Paris",2004,https://boxd.it/Jr6
2023-01-04,Comic Book Confidential,1988,https://boxd.it/10Oc
2023-01-04,On the Beach,1959,https://boxd.it/1cpe
2023-01-04,Stanley Kubrick: A Life in Pictures,2001,https://boxd.it/1lnm
2023-01-04,Harper,1966,https://boxd.it/1udK
2023-01-04,The Keep,1983,https://boxd.it/1umW
2023-01-04,Drunken Angel,1948,https://boxd.it/1uYQ
2023-01-04,The Car Keys,2003,https://boxd.it/1JsU
2023-01-04,She Wore a Yellow Ribbon,1949,https://boxd.it/1Pa8
2023-01-04,Vampires,1998,https://boxd.it/1XsY
2023-01-04,The Tree of Life,2011,https://boxd.it/1Zu8
2023-01-04,The Conformist,1970,https://boxd.it/20cE
2023-01-04,The Witches of Eastwick,1987,https://boxd.it/2272
2023-01-04,Severance,2006,https://boxd.it/23nq
2023-01-04,Mimic,1997,https://boxd.it/23zm
2023-01-04,Pride & Prejudice,2005,https://boxd.it/24u8
2023-01-04,Atonement,2007,https://boxd.it/24ui
2023-01-04,Dark Star,1974,https://boxd.it/28Ow
2023-01-04,The Orphanage,2007,https://boxd.it/2bfE
2023-01-04,Drew: The Man Behind the Poster,2013,https://boxd.it/6n8y
2023-01-04,Red Army,2014,https://boxd.it/7A00
2023-01-04,Citizenfour,2014,https://boxd.it/9eSe
2023-01-04,Breaking a Monster,2015,https://boxd.it/axiw
2023-01-04,Kill Command,2016,https://boxd.it/dpgS
2023-01-04,Female Prisoner Scorpion: Jailhouse 41,1972,https://boxd.it/1326
2023-01-04,Monkeybone,2001,https://boxd.it/1yVm
2023-01-04,Rolling Thunder,1977,https://boxd.it/1BgG
2023-01-04,El Topo,1970,https://boxd.it/1QYS
2023-01-04,Cronos,1992,https://boxd.it/1TjS
2023-01-04,Something Wild,1986,https://boxd.it/1UbU
2023-01-04,Showgirls,1995,https://boxd.it/1Vmk
2023-01-04,The Man Who Wasn't There,2001,https://boxd.it/1Vqc
2023-01-04,Fitzcarraldo,1982,https://boxd.it/1YV8
2023-01-04,Monster House,2006,https://boxd.it/1Z2e
2023-01-04,Hudson Hawk,1991,https://boxd.it/1Z32
2023-01-04,Screamers,1995,https://boxd.it/1Z9Y
2023-01-04,The Holy Mountain,1973,https://boxd.it/20mu
2023-01-04,Y Tu Mamá También,2001,https://boxd.it/28QM
2023-01-04,Blind Woman's Curse,1970,https://boxd.it/2tAA
2023-01-04,Rampage,1987,https://boxd.it/3q6u
2023-01-04,Why Don't You Play in Hell?,2013,https://boxd.it/4lnC
2023-01-04,The Tale of The Princess Kaguya,2013,https://boxd.it/4JQI
2023-01-04,The Lobster,2015,https://boxd.it/7tnw
2023-01-04,A Monster Calls,2016,https://boxd.it/7DjE
2023-01-04,Lupin the Third: Jigen's Gravestone,2014,https://boxd.it/7IPA
2023-01-04,My Life Directed by Nicolas Winding Refn,2014,https://boxd.it/99km
2023-01-04,Tangerine,2015,https://boxd.it/9QRe
2023-01-04,Coach,2016,https://boxd.it/g5VC
2023-01-04,Benda Bilili!,2010,https://boxd.it/sT8
2023-01-04,Black Sunday,1977,https://boxd.it/DNU
2023-01-04,Only Angels Have Wings,1939,https://boxd.it/Ttw
2023-01-04,I Am Cuba,1964,https://boxd.it/1hUQ
2023-01-04,Crimewave,1985,https://boxd.it/1BAc
2023-01-04,Away We Go,2009,https://boxd.it/1FpW
2023-01-04,Baraka,1992,https://boxd.it/1OWA
2023-01-04,All Dogs Go to Heaven,1989,https://boxd.it/1TIo
2023-01-04,Pusher III,2005,https://boxd.it/1U7e
2023-01-04,Tango & Cash,1989,https://boxd.it/1YdU
2023-01-04,The Right Stuff,1983,https://boxd.it/1YoS
2023-01-04,Black Snake Moan,2006,https://boxd.it/20KQ
2023-01-04,Dogtown and Z-Boys,2001,https://boxd.it/28Wq
2023-01-04,The Hidden Fortress,1958,https://boxd.it/295M
2023-01-04,Roman Holiday,1953,https://boxd.it/29zW
2023-01-04,8½,1963,https://boxd.it/2aqm
2023-01-04,Samsara,2011,https://boxd.it/3ada
2023-01-04,Ill Manors,2012,https://boxd.it/3Hn8
2023-01-04,The New Watchdogs,2011,https://boxd.it/4K3W
2023-01-04,Blackhat,2015,https://boxd.it/62Te
2023-01-04,Deepsea Challenge 3D,2014,https://boxd.it/8r0i
2023-01-04,Back in Time,2015,https://boxd.it/aNRC
2023-01-04,The Wind and the Lion,1975,https://boxd.it/1NkA
2023-01-04,The Chinese Feast,1995,https://boxd.it/3gpQ
2023-01-04,The Garden of Words,2013,https://boxd.it/5Ymq
2023-01-04,Young Detective Dee: Rise of the Sea Dragon,2013,https://boxd.it/6tz6
2023-02-12,Service,2008,https://boxd.it/1ZCG
2023-02-13,Iria: Zeiram the Animation,1994,https://boxd.it/OmZu
2023-03-05,NARC,2002,https://boxd.it/1UPU
2023-03-07,Key the Metal Idol,1994,https://boxd.it/q0rC
2023-03-11,Cybernetics Guardian,1989,https://boxd.it/27i
2023-03-17,A Chinese Ghost Story: The Tsui Hark Animation,1997,https://boxd.it/RZg
2023-03-18,Dragon's Heaven,1988,https://boxd.it/5aMe
2023-04-01,Prison on Fire,1987,https://boxd.it/w2C
2023-04-11,Cabeza de Vaca,1991,https://boxd.it/Yxe
2023-05-20,The Thief of Bagdad,1940,https://boxd.it/1Sei
2023-05-20,Johnny Mad Dog,2008,https://boxd.it/1Zz8
2023-07-13,Dreams on Fire,2021,https://boxd.it/tyq0
2023-07-18,"Lust, Caution",2007,https://boxd.it/244k
2023-07-25,Rock & Rule,1983,https://boxd.it/1C2K
2023-07-26,Cutie Honey,2004,https://boxd.it/1CHe
2023-08-17,The Apartment,1960,https://boxd.it/2aGE
2023-08-17,The Toxic Avenger,1984,https://boxd.it/1MAi
2023-09-20,The Admiral: Roaring Currents,2014,https://boxd.it/8J0U
2023-10-21,The Vourdalak,2023,https://boxd.it/DDdg
2023-11-04,Smugglers,2023,https://boxd.it/trRe
2023-11-06,Jallikattu,2019,https://boxd.it/kHjO
2023-11-16,Kids Return,1996,https://boxd.it/1sfY
2023-11-21,The Day of the Beast,1995,https://boxd.it/1Vyg
2023-12-04,The Cursed,2021,https://boxd.it/nms2
2023-12-13,The Survival of Kindness,2022,https://boxd.it/CKTw
2023-12-14,War and Peace,1967,https://boxd.it/1nRy
2023-12-19,"Girl, Interrupted",1999,https://boxd.it/25ds
2023-12-21,Robot Dreams,2023,https://boxd.it/vBZm
2023-12-29,Days of Being Wild,1990,https://boxd.it/1HbC
2024-01-04,Doomed Megalopolis,1991,https://boxd.it/x18q
2024-01-07,I'm Not Scared,2003,https://boxd.it/1w2O
2024-01-14,The Lovers,1994,https://boxd.it/2sjI
2024-01-15,The Down-in-the-Hole Gang,1974,https://boxd.it/24Oi
2024-01-24,Mononoke,2007,https://boxd.it/meNa
2024-01-24,The Idiots,1998,https://boxd.it/2amu
2024-01-24,The Kingdom,1994,https://boxd.it/1AZA
2024-01-24,Dogville,2003,https://boxd.it/2a8W
2024-01-24,Antichrist,2009,https://boxd.it/1Inu
2024-02-03,A Girl Walks Home Alone at Night,2014,https://boxd.it/7nZE
2024-02-05,The Dance of Reality,2013,https://boxd.it/4qFw
2024-02-05,Endless Poetry,2016,https://boxd.it/aANs
2024-02-09,Orion and the Dark,2024,https://boxd.it/H2TW
2024-02-09,Lost on Journey,2010,https://boxd.it/BH6
2024-02-28,Ride with the Devil,1999,https://boxd.it/1APq
2024-03-15,"The Pig, the Snake and the Pigeon",2023,https://boxd.it/DAoU
2024-03-20,Creation of the Gods I: Kingdom of Storms,2023,https://boxd.it/wllM
2024-04-09,The Chain Reaction,1980,https://boxd.it/fEk
2024-04-10,Heresy,2024,https://boxd.it/Ki68
2024-04-11,Zëiram,1991,https://boxd.it/1s6s
2024-04-11,The Ax,2005,https://boxd.it/1ebo
2024-04-12,Gunhed,1989,https://boxd.it/20cO
2024-04-12,Bounce Ko Gals,1997,https://boxd.it/1sgC
2024-04-22,Nomad,1982,https://boxd.it/4VI2
2024-04-26,The Transgressor,1974,https://boxd.it/1300
2024-05-13,Adagio,2023,https://boxd.it/CE5U
2024-05-23,Kite,1998,https://boxd.it/1G8M
2024-05-28,Tigers Are Not Afraid,2017,https://boxd.it/bIww
2024-05-28,Long Day's Journey Into Night,2018,https://boxd.it/hw1I
2024-06-11,Labyrinth,1986,https://boxd.it/1POC
2024-06-27,MirrorMask,2005,https://boxd.it/1NWk
2024-07-13,Nacho Libre,2006,https://boxd.it/1YTG
2024-08-30,Alexander,2004,https://boxd.it/27K4
2024-09-11,Special Section,1975,https://boxd.it/2MGi
2024-11-09,Calamity,2020,https://boxd.it/lBQY
2024-12-06,Ultraman: Rising,2024,https://boxd.it/vfFa
2024-12-29,Knit's Island,2023,https://boxd.it/FVze
2025-01-06,RRR: Behind & Beyond,2024,https://boxd.it/RT3O
2025-01-09,High and Low,1963,https://boxd.it/1RSc
2025-01-09,"His Motorbike, Her Island",1986,https://boxd.it/9uk8
2025-01-27,A Dog Called... Vengeance,1977,https://boxd.it/3aC0
2025-01-29,G.I. Samurai,1979,https://boxd.it/2zXA
2025-02-06,Ne Zha,2019,https://boxd.it/mKSm
2025-02-18,The Forbidden City,2025,https://boxd.it/GDXu
2025-02-21,Rigor Mortis,2013,https://boxd.it/6ipE
2025-02-25,Metal Skin Panic MADOX-01,1987,https://boxd.it/a26
2025-03-11,1001 Nights,1998,https://boxd.it/XPc
2025-03-30,The Three Burials of Melquiades Estrada,2005,https://boxd.it/20DK
2025-04-24,The Reflecting Skin,1990,https://boxd.it/1CkY
2025-04-25,Eye for an Eye 2,2024,https://boxd.it/KWH4
2025-06-13,We're the Millers,2013,https://boxd.it/4srQ
2025-06-20,The Quiet Man,1952,https://boxd.it/25Iq
2025-06-20,Antarctica,1983,https://boxd.it/1HU8
2025-06-21,The Homesman,2014,https://boxd.it/7SXO
2025-06-25,The Day of the Locust,1975,https://boxd.it/23l0
2025-06-25,Silent Movie,1976,https://boxd.it/1UXO
2025-07-02,Angel Cop,1989,https://boxd.it/Oi1q
2025-07-16,Hi-Five,2025,https://boxd.it/tQ18
2025-07-17,When the Wind Blows,1986,https://boxd.it/1VdC
2025-07-20,River,2023,https://boxd.it/H1sK
2025-07-26,The Taste of Others,2000,https://boxd.it/1VBY
2025-08-02,The War Game,1966,https://boxd.it/1tKe
2025-08-29,I Am Frankelda,2025,https://boxd.it/GkEo
2025-08-31,Ghost World,2001,https://boxd.it/28Dy
2025-09-08,Kin-dza-dza!,1986,https://boxd.it/1CMS
2025-10-04,The Blade,1995,https://boxd.it/VSy
2025-10-04,Inside Llewyn Davis,2013,https://boxd.it/34Ro
2025-10-16,Tracks,2013,https://boxd.it/67y6
2025-10-16,Unbroken,2014,https://boxd.it/6IaA
2025-10-16,Angel Heart,1987,https://boxd.it/29WG
2025-10-17,Bottoms,2023,https://boxd.it/uGf2
2025-10-18,Che: Part One,2008,https://boxd.it/1ZGe
2025-10-23,Candyman,1992,https://boxd.it/1Ys6
2025-10-30,No Other Choice,2025,https://boxd.it/nKiA
2025-11-24,The Beasts,2022,https://boxd.it/w1L6
2025-11-30,The Nun,1966,https://boxd.it/WbK
2025-12-10,Madame Tutli-Putli,2007,https://boxd.it/1cxW
2025-12-17,I Am What I Am,2021,https://boxd.it/vFx2
2025-12-21,Pixote,1980,https://boxd.it/XCs
2026-01-07,Paperhouse,1988,https://boxd.it/Y50
2026-01-08,Lighting Up the Stars,2022,https://boxd.it/zFts
2026-01-09,Black Dog,2024,https://boxd.it/Lzqm
