Date,Name,Year,Letterboxd URI,title_original
2023-01-04,Black Magic M-66,1987,https://boxd.it/25c,Black Magic M-66
2023-01-04,Princess Arete,2001,https://boxd.it/io0,Princess Arete
2023-01-04,Walkabout,1971,https://boxd.it/1bsG,Walkabout
2023-01-04,S.O.B.,1981,https://boxd.it/1sh6,S.O.B.
2023-01-04,On the Silver Globe,1988,https://boxd.it/1sAM,On the Silver Globe
2023-01-04,Class of Nuke 'Em High,1986,https://boxd.it/1tEU,Class of Nuke 'Em High
2023-01-04,The Adventures of Mark Twain,1985,https://boxd.it/1Ekw,The Adventures of Mark Twain
2023-01-04,The Legend of the Swordsman,1992,https://boxd.it/1GvQ,The Legend of the Swordsman
2023-01-04,Soldier Blue,1970,https://boxd.it/1Odq,Soldier Blue
2023-01-04,Lady in the Water,2006,https://boxd.it/1Y1E,Lady in the Water
2023-01-04,The Gift,2000,https://boxd.it/27ys,The Gift
2023-01-04,Exodus,1960,https://boxd.it/27O6,Exodus
2023-01-04,Don't Look Now,1973,https://boxd.it/29fC,Don't Look Now
2023-01-04,Short Cuts,1993,https://boxd.it/29Nk,Short Cuts
2023-01-04,The Doll,1968,https://boxd.it/2Qkg,The Doll
2023-01-04,The Congress,2013,https://boxd.it/4Ota,The Congress
2023-01-04,The Boxtrolls,2014,https://boxd.it/5grw,The Boxtrolls
2023-01-04,Shamshera,2022,https://boxd.it/jFYe,Shamshera
2023-01-04,"La Commune (Paris, 1871)",2000,https://boxd.it/9rO,"La Commune (Paris, 1871)"
2023-01-04,Welcome to the Space Show,2010,https://boxd.it/djE,Welcome to the Space Show
2023-01-04,Nasu: Summer in Andalusia,2003,https://boxd.it/f2K,Nasu: Summer in Andalusia
2023-01-04,The Mysterious Geographic Explorations of Jasper Morello,2005,https://boxd.it/yck,The Mysterious Geographic Explorations of Jasper Morello
2023-01-04,The Prize of Peril,1983,https://boxd.it/BN4,The Prize of Peril
2023-01-04,Hiruko the Goblin,1991,https://boxd.it/163c,Hiruko the Goblin
2023-01-04,The Five Star Stories,1989,https://boxd.it/1dX2,The Five Star Stories
2023-01-04,A Tree of Palme,2002,https://boxd.it/1ldQ,A Tree of Palme
2023-01-04,Overnight,2003,https://boxd.it/1sHS,Overnight
2023-01-04,Hellzapoppin',1941,https://boxd.it/1FD0,Hellzapoppin'
2023-01-04,Withnail & I,1987,https://boxd.it/1Qa4,Withnail & I
2023-01-04,Return to Oz,1985,https://boxd.it/1QHM,Return to Oz
2023-01-04,Thunderheart,1992,https://boxd.it/1S4s,Thunderheart
2023-01-04,Kalifornia,1993,https://boxd.it/1V6m,Kalifornia
2023-01-04,Wolf Creek,2005,https://boxd.it/1XC0,Wolf Creek
2023-01-04,Heathers,1989,https://boxd.it/26x4,Heathers
2023-01-04,Velvet Goldmine,1998,https://boxd.it/2878,Velvet Goldmine
2023-01-04,The Hustler,1961,https://boxd.it/298G,The Hustler
2023-01-04,The Last Emperor,1987,https://boxd.it/29Ji,The Last Emperor
2023-01-04,La bostella,2000,https://boxd.it/2oRc,La bostella
2023-01-04,Extraterrestrial,2011,https://boxd.it/2DkW,Extraterrestrial
2023-01-04,Gaijin: A Brazilian Odyssey,1980,https://boxd.it/62eU,Gaijin: A Brazilian Odyssey
2023-01-04,Hamilton,2020,https://boxd.it/kmvE,Hamilton
2023-01-04,Words Bubble Up Like Soda Pop,2020,https://boxd.it/ljhG,Words Bubble Up Like Soda Pop
2023-01-04,Peter Ibbetson,1935,https://boxd.it/mLs,Peter Ibbetson
2023-01-04,Beloved,1998,https://boxd.it/13Gg,Beloved
2023-01-04,Heaven & Earth,1993,https://boxd.it/1iE0,Heaven & Earth
2023-01-04,Betrayed,1988,https://boxd.it/1iH4,Betrayed
2023-01-04,Investigation of a Citizen Above Suspicion,1970,https://boxd.it/1tRY,Investigation of a Citizen Above Suspicion
2023-01-04,The Last Seduction,1994,https://boxd.it/1w4g,The Last Seduction
2023-01-04,Something Wicked This Way Comes,1983,https://boxd.it/1wWC,Something Wicked This Way Comes
2023-01-04,Dry Season,2006,https://boxd.it/1yaq,Dry Season
2023-01-04,Testament,1983,https://boxd.it/1CcK,Testament
2023-01-04,Deep Cover,1992,https://boxd.it/1D5g,Deep Cover
2023-01-04,The Fabulous World of Jules Verne,1958,https://boxd.it/1Ezw,The Fabulous World of Jules Verne
2023-01-04,Threads,1984,https://boxd.it/1I0g,Threads
2023-01-04,The Boys from Brazil,1978,https://boxd.it/1KvK,The Boys from Brazil
2023-01-04,The Company of Wolves,1984,https://boxd.it/1SO6,The Company of Wolves
2023-01-04,The Cooler,2003,https://boxd.it/1Vvc,The Cooler
2023-01-04,The Ghost and the Darkness,1996,https://boxd.it/1VTe,The Ghost and the Darkness
2023-01-04,Running Scared,2006,https://boxd.it/210E,Running Scared
2023-01-04,Amsterdamned,1988,https://boxd.it/27su,Amsterdamned
2023-01-04,The Stolen Airship,1966,https://boxd.it/2qOO,The Stolen Airship
2023-01-04,The Sweatbox,2002,https://boxd.it/3mI0,The Sweatbox
2023-01-04,Get on Up,2014,https://boxd.it/73bO,Get on Up
2023-01-04,Short Peace,2013,https://boxd.it/7oPq,Short Peace
2023-01-04,Old Czech Legends,1953,https://boxd.it/7AuE,Old Czech Legends
2023-01-04,Modest Heroes,2018,https://boxd.it/iDYa,Modest Heroes
2023-01-04,The Jericho Mile,1979,https://boxd.it/msU,The Jericho Mile
2023-01-04,Daniel,1983,https://boxd.it/qVm,Daniel
2023-01-04,Shoeshine,1946,https://boxd.it/UoM,Shoeshine
2023-01-04,Burn!,1969,https://boxd.it/Ws2,Burn!
2023-01-04,Harmagedon,1983,https://boxd.it/XO4,Harmagedon
2023-01-04,The Navigator: A Medieval Odyssey,1988,https://boxd.it/1dz0,The Navigator: A Medieval Odyssey
2023-01-04,Reds,1981,https://boxd.it/1Hhq,Reds
2023-01-04,Fiddler on the Roof,1971,https://boxd.it/1Nle,Fiddler on the Roof
2023-01-04,Memphis Belle,1990,https://boxd.it/1RuE,Memphis Belle
2023-01-04,What Dreams May Come,1998,https://boxd.it/1SoM,What Dreams May Come
2023-01-04,Underground,1995,https://boxd.it/1SOA,Underground
2023-01-04,Intacto,2001,https://boxd.it/1VdM,Intacto
2023-01-04,Red Rock West,1993,https://boxd.it/1Wi4,Red Rock West
2023-01-04,The Wraith,1986,https://boxd.it/1Xia,The Wraith
2023-01-04,1900,1976,https://boxd.it/24Zg,1900
2023-01-04,The Killing Fields,1984,https://boxd.it/29Yi,The Killing Fields
2023-01-04,World Apartment Horror,1991,https://boxd.it/3xqQ,World Apartment Horror
2023-01-04,Kizumonogatari Part 1: Tekketsu,2016,https://boxd.it/c7sO,Kizumonogatari Part 1: Tekketsu
2023-01-04,A Ghost Story,2017,https://boxd.it/fb0K,A Ghost Story
2023-01-04,System K,2019,https://boxd.it/lcE4,System K
2023-01-04,God Speed You! Black Emperor,1976,https://boxd.it/Ivc,God Speed You! Black Emperor
2023-01-04,Roadgames,1981,https://boxd.it/VjI,Roadgames
2023-01-04,The Inn of the Sixth Happiness,1958,https://boxd.it/18jc,The Inn of the Sixth Happiness
2023-01-04,Innocence,2004,https://boxd.it/1f8A,Innocence
2023-01-04,The Offence,1973,https://boxd.it/1gPq,The Offence
2023-01-04,Coffy,1973,https://boxd.it/1Bao,Coffy
2023-01-04,Angel's Egg,1985,https://boxd.it/1LeA,Angel's Egg
2023-01-04,The 7th Voyage of Sinbad,1958,https://boxd.it/1M4w,The 7th Voyage of Sinbad
2023-01-04,The Big Country,1958,https://boxd.it/1RQU,The Big Country
2023-01-04,The Osterman Weekend,1983,https://boxd.it/1Sda,The Osterman Weekend
2023-01-04,How the West Was Won,1962,https://boxd.it/1SPo,How the West Was Won
2023-01-04,The Rescuers Down Under,1990,https://boxd.it/1Uya,The Rescuers Down Under
2023-01-04,Picnic at Hanging Rock,1975,https://boxd.it/1UQe,Picnic at Hanging Rock
2023-01-04,The Age of Innocence,1993,https://boxd.it/1WgM,The Age of Innocence
2023-01-04,The Quiet Earth,1985,https://boxd.it/1WTE,The Quiet Earth
2023-01-04,My Lucky Stars,1985,https://boxd.it/1Xe8,My Lucky Stars
2023-01-04,Creep,2004,https://boxd.it/203C,Creep
2023-01-04,Joe Versus the Volcano,1990,https://boxd.it/26Ce,Joe Versus the Volcano
2023-01-04,Open Range,2003,https://boxd.it/27xE,Open Range
2023-01-04,Hidalgo,2004,https://boxd.it/27BG,Hidalgo
2023-01-04,The Piano,1993,https://boxd.it/29Kq,The Piano
2023-01-04,The Great Beauty,2013,https://boxd.it/5ty6,The Great Beauty
2023-01-04,PERSONA3 THE MOVIE #1 Spring of Birth,2013,https://boxd.it/6ky4,PERSONA3 THE MOVIE #1 Spring of Birth
2023-01-04,Edge,2015,https://boxd.it/i5iO,Edge
2023-01-04,Serie Noire,1979,https://boxd.it/1vS,Serie Noire
2023-01-04,F for Fake,1973,https://boxd.it/VxA,F for Fake
2023-01-04,Ulzana's Raid,1972,https://boxd.it/WLS,Ulzana's Raid
2023-01-04,A Special Day,1977,https://boxd.it/Xqc,A Special Day
2023-01-04,Isolation,2005,https://boxd.it/1uKa,Isolation
2023-01-04,The Brink's Job,1978,https://boxd.it/1xFM,The Brink's Job
2023-01-04,Trick 'r Treat,2007,https://boxd.it/1zvE,Trick 'r Treat
2023-01-04,The Naked Prey,1965,https://boxd.it/1GOo,The Naked Prey
2023-01-04,The Man from Laramie,1955,https://boxd.it/1HgC,The Man from Laramie
2023-01-04,Running on Empty,1988,https://boxd.it/1How,Running on Empty
2023-01-04,The Man Who Shot Liberty Valance,1962,https://boxd.it/1Tdg,The Man Who Shot Liberty Valance
2023-01-04,The Hard Way,1991,https://boxd.it/1TYw,The Hard Way
2023-01-04,Dersu Uzala,1975,https://boxd.it/1XRO,Dersu Uzala
2023-01-04,The Shadow,1994,https://boxd.it/1ZKK,The Shadow
2023-01-04,The Longest Yard,1974,https://boxd.it/23vO,The Longest Yard
2023-01-04,Brubaker,1980,https://boxd.it/28sq,Brubaker
2023-01-04,An American Werewolf in London,1981,https://boxd.it/29yk,An American Werewolf in London
2023-01-04,Frenzy,1972,https://boxd.it/2a62,Frenzy
2023-01-04,The Poseidon Adventure,1972,https://boxd.it/2a9g,The Poseidon Adventure
2023-01-04,HK: Forbidden Super Hero,2013,https://boxd.it/68pE,HK: Forbidden Super Hero
2023-01-04,Starred Up,2013,https://boxd.it/6fRq,Starred Up
2023-01-04,Shaun the Sheep Movie,2015,https://boxd.it/7Pdy,Shaun the Sheep Movie
2023-01-04,The Wonderland,2019,https://boxd.it/l3Ps,The Wonderland
2023-01-04,The Truth,1960,https://boxd.it/d3Q,The Truth
2023-01-04,I Wanna Hold Your Hand,1978,https://boxd.it/rN4,I Wanna Hold Your Hand
2023-01-04,"Objective, Burma!",1945,https://boxd.it/Uly,"Objective, Burma!"
2023-01-04,Garden of Evil,1954,https://boxd.it/1b82,Garden of Evil
2023-01-04,The Producers,1967,https://boxd.it/1lMm,The Producers
2023-01-04,The Battle of Algiers,1966,https://boxd.it/1IRY,The Battle of Algiers
2023-01-04,Maniac Cop,1988,https://boxd.it/1OtS,Maniac Cop
2023-01-04,The Dam Busters,1955,https://boxd.it/1QAc,The Dam Busters
2023-01-04,Dreams,1990,https://boxd.it/1ROu,Dreams
2023-01-04,The Man with Two Brains,1983,https://boxd.it/1TtI,The Man with Two Brains
2023-01-04,Always,1989,https://boxd.it/1U3G,Always
2023-01-04,Into the Night,1985,https://boxd.it/1U5W,Into the Night
2023-01-04,The Dead Zone,1983,https://boxd.it/1U6g,The Dead Zone
2023-01-04,Hustle & Flow,2005,https://boxd.it/1Wau,Hustle & Flow
2023-01-04,Medicine Man,1992,https://boxd.it/1ZaW,Medicine Man
2023-01-04,My Darling Clementine,1946,https://boxd.it/25LE,My Darling Clementine
2023-01-04,Brute Force,1947,https://boxd.it/2lh6,Brute Force
2023-01-04,The Track,1975,https://boxd.it/2DxQ,The Track
2023-01-04,Street Scene,1931,https://boxd.it/3GOs,Street Scene
2023-01-04,Eega,2012,https://boxd.it/4HhQ,Eega
2023-01-04,I Kill Giants,2017,https://boxd.it/ePQ0,I Kill Giants
2023-01-04,American Animals,2018,https://boxd.it/hE4K,American Animals
2023-01-04,Walt Disney,2015,https://boxd.it/SZhY,Walt Disney
2023-01-04,King of Comedy,1999,https://boxd.it/xco,King of Comedy
2023-01-04,Never Let Me Go,2010,https://boxd.it/Xw0,Never Let Me Go
2023-01-04,Utu,1983,https://boxd.it/XGu,Utu
2023-01-04,Full Tilt Boogie,1998,https://boxd.it/1adU,Full Tilt Boogie
2023-01-04,Duel in the Sun,1946,https://boxd.it/1hns,Duel in the Sun
2023-01-04,The 317th Platoon,1965,https://boxd.it/1jji,The 317th Platoon
2023-01-04,A Matter of Life and Death,1946,https://boxd.it/1q6K,A Matter of Life and Death
2023-01-04,The Magic Blade,1976,https://boxd.it/1sYY,The Magic Blade
2023-01-04,The Thief and the Cobbler,1993,https://boxd.it/1tpq,The Thief and the Cobbler
2023-01-04,The Brothers Bloom,2008,https://boxd.it/1Bqm,The Brothers Bloom
2023-01-04,In the Loop,2009,https://boxd.it/1EsA,In the Loop
2023-01-04,The Gauntlet,1977,https://boxd.it/1IdO,The Gauntlet
2023-01-04,Only Yesterday,1991,https://boxd.it/1MR4,Only Yesterday
2023-01-04,A Man Called Horse,1970,https://boxd.it/1NB2,A Man Called Horse
2023-01-04,The Hairdresser's Husband,1990,https://boxd.it/1T4o,The Hairdresser's Husband
2023-01-04,What Ever Happened to Baby Jane?,1962,https://boxd.it/1WJE,What Ever Happened to Baby Jane?
2023-01-04,The Sugarland Express,1974,https://boxd.it/23la,The Sugarland Express
2023-01-04,Badlands,1973,https://boxd.it/25Fm,Badlands
2023-01-04,Born on the Fourth of July,1989,https://boxd.it/26A8,Born on the Fourth of July
2023-01-04,The Drifting Classroom,1987,https://boxd.it/2VMY,The Drifting Classroom
2023-01-04,Killer Clans,1976,https://boxd.it/36uQ,Killer Clans
2023-01-04,The Lords of Salem,2012,https://boxd.it/3yDm,The Lords of Salem
2023-01-04,Bajirao Mastani,2015,https://boxd.it/ck2O,Bajirao Mastani
2023-01-04,U Turn,2018,https://boxd.it/jvko,U Turn
2023-01-04,Duel to the Death,1983,https://boxd.it/Dky,Duel to the Death
2023-01-04,Timebomb,1991,https://boxd.it/Szy,Timebomb
2023-01-04,Dragon Inn,1992,https://boxd.it/12dC,Dragon Inn
2023-01-04,The Devils,1971,https://boxd.it/1inI,The Devils
2023-01-04,Play Dirty,1969,https://boxd.it/1trQ,Play Dirty
2023-01-04,Electra Glide in Blue,1973,https://boxd.it/1u5w,Electra Glide in Blue
2023-01-04,Come Drink with Me,1966,https://boxd.it/1uf2,Come Drink with Me
2023-01-04,Expedition: Bismarck,2002,https://boxd.it/1w1G,Expedition: Bismarck
2023-01-04,Ghosts of the Abyss,2003,https://boxd.it/1wDq,Ghosts of the Abyss
2023-01-04,Aliens of the Deep,2005,https://boxd.it/1Aok,Aliens of the Deep
2023-01-04,Wicked City,1987,https://boxd.it/1BSA,Wicked City
2023-01-04,The 36th Chamber of Shaolin,1978,https://boxd.it/1SXC,The 36th Chamber of Shaolin
2023-01-04,Dead Presidents,1995,https://boxd.it/1TQi,Dead Presidents
2023-01-04,The Adventures of Buckaroo Banzai Across the 8th Dimension,1984,https://boxd.it/1TZk,The Adventures of Buckaroo Banzai Across the 8th Dimension
2023-01-04,The Majestic,2001,https://boxd.it/1UFU,The Majestic
2023-01-04,Phantasm,1979,https://boxd.it/1YaG,Phantasm
2023-01-04,Soldier,1998,https://boxd.it/1YIo,Soldier
2023-01-04,Eagle vs Shark,2007,https://boxd.it/1ZSY,Eagle vs Shark
2023-01-04,A Boy and His Dog,1975,https://boxd.it/23FO,A Boy and His Dog
2023-01-04,Charlie's Angels,2000,https://boxd.it/24v6,Charlie's Angels
2023-01-04,The Night of the Hunter,1955,https://boxd.it/25HW,The Night of the Hunter
2023-01-04,Bringing Up Baby,1938,https://boxd.it/29ks,Bringing Up Baby
2023-01-04,Dragon Inn,1967,https://boxd.it/3xGa,Dragon Inn
2023-01-04,Blancanieves,2012,https://boxd.it/4bwu,Blancanieves
2023-01-04,The Anderson Tapes,1971,https://boxd.it/1keS,The Anderson Tapes
2023-01-04,Charley Varrick,1973,https://boxd.it/1s2q,Charley Varrick
2023-01-04,Two-Lane Blacktop,1971,https://boxd.it/1sfE,Two-Lane Blacktop
2023-01-04,Point Blank,1967,https://boxd.it/1uAE,Point Blank
2023-01-04,City of Life and Death,2009,https://boxd.it/1C3I,City of Life and Death
2023-01-04,Colossus: The Forbin Project,1970,https://boxd.it/1Nmw,Colossus: The Forbin Project
2023-01-04,Southern Comfort,1981,https://boxd.it/1RMI,Southern Comfort
2023-01-04,Drunken Master II,1994,https://boxd.it/1Si0,Drunken Master II
2023-01-04,Capricorn One,1977,https://boxd.it/1SJq,Capricorn One
2023-01-04,Invasion of the Body Snatchers,1956,https://boxd.it/1TAa,Invasion of the Body Snatchers
2023-01-04,Altered States,1980,https://boxd.it/1TBi,Altered States
2023-01-04,Thief,1981,https://boxd.it/1TEc,Thief
2023-01-04,Pirates,1986,https://boxd.it/1TKa,Pirates
2023-01-04,Catch-22,1970,https://boxd.it/1WrK,Catch-22
2023-01-04,A Perfect World,1993,https://boxd.it/1Yng,A Perfect World
2023-01-04,Tokyo!,2008,https://boxd.it/1ZxG,Tokyo!
2023-01-04,Bringing Out the Dead,1999,https://boxd.it/1ZZK,Bringing Out the Dead
2023-01-04,They Live,1988,https://boxd.it/20lm,They Live
2023-01-04,Young Frankenstein,1974,https://boxd.it/25To,Young Frankenstein
2023-01-04,Raging Bull,1980,https://boxd.it/28yI,Raging Bull
2023-01-04,Sunset Boulevard,1950,https://boxd.it/2a20,Sunset Boulevard
2023-01-04,At the End of the Tunnel,2016,https://boxd.it/dN92,At the End of the Tunnel
2023-01-04,The Fury of a Patient Man,2016,https://boxd.it/evDg,The Fury of a Patient Man
2023-01-04,Up to His Ears,1965,https://boxd.it/cVW,Up to His Ears
2023-01-04,The Second Civil War,1997,https://boxd.it/Qty,The Second Civil War
2023-01-04,Zu: Warriors from the Magic Mountain,1983,https://boxd.it/16DY,Zu: Warriors from the Magic Mountain
2023-01-04,Voices of a Distant Star,2002,https://boxd.it/17dM,Voices of a Distant Star
2023-01-04,"They Shoot Horses, Don't They?",1969,https://boxd.it/1q9u,"They Shoot Horses, Don't They?"
2023-01-04,Clockers,1995,https://boxd.it/1D7w,Clockers
2023-01-04,Assault on Precinct 13,1976,https://boxd.it/1I2c,Assault on Precinct 13
2023-01-04,King of Hearts,1966,https://boxd.it/1Iei,King of Hearts
2023-01-04,Play Misty for Me,1971,https://boxd.it/1MjQ,Play Misty for Me
2023-01-04,Jade,1995,https://boxd.it/1SUe,Jade
2023-01-04,Peggy Sue Got Married,1986,https://boxd.it/1XiO,Peggy Sue Got Married
2023-01-04,Ginger Snaps,2000,https://boxd.it/1XEg,Ginger Snaps
2023-01-04,The Exorcist,1973,https://boxd.it/1Yoo,The Exorcist
2023-01-04,The Gate,1987,https://boxd.it/21ka,The Gate
2023-01-04,The Spirit of the Beehive,1973,https://boxd.it/24eY,The Spirit of the Beehive
2023-01-04,Sweet Smell of Success,1957,https://boxd.it/29aW,Sweet Smell of Success
2023-01-04,The Thomas Crown Affair,1999,https://boxd.it/29im,The Thomas Crown Affair
2023-01-04,Silent Running,1972,https://boxd.it/29yO,Silent Running
2023-01-04,The Lord of the Rings,1978,https://boxd.it/2b5k,The Lord of the Rings
2023-01-04,Blue Ruin,2013,https://boxd.it/5H8G,Blue Ruin
2023-01-04,To Steal from a Thief,2016,https://boxd.it/bPui,To Steal from a Thief
2023-01-04,Struggle for Life,2016,https://boxd.it/d6Zk,Struggle for Life
2023-01-04,Seoul Station,2016,https://boxd.it/dBYs,Seoul Station
2023-01-04,Score: A Film Music Documentary,2016,https://boxd.it/f630,Score: A Film Music Documentary
2023-01-04,Shogun's Shadow,1989,https://boxd.it/jn8,Shogun's Shadow
2023-01-04,One from the Heart,1982,https://boxd.it/ZJq,One from the Heart
2023-01-04,The Street Fighter,1974,https://boxd.it/10Tc,The Street Fighter
2023-01-04,Peking Opera Blues,1986,https://boxd.it/13fO,Peking Opera Blues
2023-01-04,The Other,1972,https://boxd.it/1cvw,The Other
2023-01-04,Greed in the Sun,1964,https://boxd.it/1eqy,Greed in the Sun
2023-01-04,The 4th Man,1983,https://boxd.it/1o7c,The 4th Man
2023-01-04,I... For Icarus,1979,https://boxd.it/1w6m,I... For Icarus
2023-01-04,The Last Picture Show,1971,https://boxd.it/1weg,The Last Picture Show
2023-01-04,The Fountainhead,1949,https://boxd.it/1xgW,The Fountainhead
2023-01-04,Escape to Victory,1981,https://boxd.it/1IMa,Escape to Victory
2023-01-04,Anything for Her,2008,https://boxd.it/1NR0,Anything for Her
2023-01-04,Romanzo Criminale,2005,https://boxd.it/1Oee,Romanzo Criminale
2023-01-04,Timecrimes,2007,https://boxd.it/1OGM,Timecrimes
2023-01-04,Osmosis Jones,2001,https://boxd.it/1RAi,Osmosis Jones
2023-01-04,Three Days of the Condor,1975,https://boxd.it/1SF4,Three Days of the Condor
2023-01-04,Dead Calm,1989,https://boxd.it/1W7K,Dead Calm
2023-01-04,Double Indemnity,1944,https://boxd.it/297I,Double Indemnity
2023-01-04,Notorious,1946,https://boxd.it/2aDK,Notorious
2023-01-04,Run Lola Run,1998,https://boxd.it/2b8o,Run Lola Run
2023-01-04,The Myth of the American Sleepover,2010,https://boxd.it/2t9u,The Myth of the American Sleepover
2023-01-04,The King of Pigs,2011,https://boxd.it/3cvU,The King of Pigs
2023-01-04,Minuscule: Valley of the Lost Ants,2013,https://boxd.it/4vO4,Minuscule: Valley of the Lost Ants
2023-01-04,The Taking of Tiger Mountain,2014,https://boxd.it/9khe,The Taking of Tiger Mountain
2023-01-04,"Writers : 1983-2003, 20 ans de graffiti à Paris",2004,https://boxd.it/Jr6,"Writers : 1983-2003, 20 ans de graffiti à Paris"
2023-01-04,Comic Book Confidential,1988,https://boxd.it/10Oc,Comic Book Confidential
2023-01-04,On the Beach,1959,https://boxd.it/1cpe,On the Beach
2023-01-04,Stanley Kubrick: A Life in Pictures,2001,https://boxd.it/1lnm,Stanley Kubrick: A Life in Pictures
2023-01-04,Harper,1966,https://boxd.it/1udK,Harper
2023-01-04,The Keep,1983,https://boxd.it/1umW,The Keep
2023-01-04,Drunken Angel,1948,https://boxd.it/1uYQ,Drunken Angel
2023-01-04,The Car Keys,2003,https://boxd.it/1JsU,The Car Keys
2023-01-04,She Wore a Yellow Ribbon,1949,https://boxd.it/1Pa8,She Wore a Yellow Ribbon
2023-01-04,Vampires,1998,https://boxd.it/1XsY,Vampires
2023-01-04,The Tree of Life,2011,https://boxd.it/1Zu8,The Tree of Life
2023-01-04,The Conformist,1970,https://boxd.it/20cE,The Conformist
2023-01-04,The Witches of Eastwick,1987,https://boxd.it/2272,The Witches of Eastwick
2023-01-04,Severance,2006,https://boxd.it/23nq,Severance
2023-01-04,Mimic,1997,https://boxd.it/23zm,Mimic
2023-01-04,Pride & Prejudice,2005,https://boxd.it/24u8,Pride & Prejudice
2023-01-04,Atonement,2007,https://boxd.it/24ui,Atonement
2023-01-04,Dark Star,1974,https://boxd.it/28Ow,Dark Star
2023-01-04,The Orphanage,2007,https://boxd.it/2bfE,The Orphanage
2023-01-04,Drew: The Man Behind the Poster,2013,https://boxd.it/6n8y,Drew: The Man Behind the Poster
2023-01-04,Red Army,2014,https://boxd.it/7A00,Red Army
2023-01-04,Citizenfour,2014,https://boxd.it/9eSe,Citizenfour
2023-01-04,Breaking a Monster,2015,https://boxd.it/axiw,Breaking a Monster
2023-01-04,Kill Command,2016,https://boxd.it/dpgS,Kill Command
2023-01-04,Female Prisoner Scorpion: Jailhouse 41,1972,https://boxd.it/1326,Female Prisoner Scorpion: Jailhouse 41
2023-01-04,Monkeybone,2001,https://boxd.it/1yVm,Monkeybone
2023-01-04,Rolling Thunder,1977,https://boxd.it/1BgG,Rolling Thunder
2023-01-04,El Topo,1970,https://boxd.it/1QYS,El Topo
2023-01-04,Cronos,1992,https://boxd.it/1TjS,Cronos
2023-01-04,Something Wild,1986,https://boxd.it/1UbU,Something Wild
2023-01-04,Showgirls,1995,https://boxd.it/1Vmk,Showgirls
2023-01-04,The Man Who Wasn't There,2001,https://boxd.it/1Vqc,The Man Who Wasn't There
2023-01-04,Fitzcarraldo,1982,https://boxd.it/1YV8,Fitzcarraldo
2023-01-04,Monster House,2006,https://boxd.it/1Z2e,Monster House
2023-01-04,Hudson Hawk,1991,https://boxd.it/1Z32,Hudson Hawk
2023-01-04,Screamers,1995,https://boxd.it/1Z9Y,Screamers
2023-01-04,The Holy Mountain,1973,https://boxd.it/20mu,The Holy Mountain
2023-01-04,Y Tu Mamá También,2001,https://boxd.it/28QM,Y Tu Mamá También
2023-01-04,Blind Woman's Curse,1970,https://boxd.it/2tAA,Blind Woman's Curse
2023-01-04,Rampage,1987,https://boxd.it/3q6u,Rampage
2023-01-04,Why Don't You Play in Hell?,2013,https://boxd.it/4lnC,Why Don't You Play in Hell?
2023-01-04,The Tale of The Princess Kaguya,2013,https://boxd.it/4JQI,The Tale of The Princess Kaguya
2023-01-04,The Lobster,2015,https://boxd.it/7tnw,The Lobster
2023-01-04,A Monster Calls,2016,https://boxd.it/7DjE,A Monster Calls
2023-01-04,Lupin the Third: Jigen's Gravestone,2014,https://boxd.it/7IPA,Lupin the Third: Jigen's Gravestone
2023-01-04,My Life Directed by Nicolas Winding Refn,2014,https://boxd.it/99km,My Life Directed by Nicolas Winding Refn
2023-01-04,Tangerine,2015,https://boxd.it/9QRe,Tangerine
2023-01-04,Coach,2016,https://boxd.it/g5VC,Coach
2023-01-04,Benda Bilili!,2010,https://boxd.it/sT8,Benda Bilili!
2023-01-04,Black Sunday,1977,https://boxd.it/DNU,Black Sunday
2023-01-04,Only Angels Have Wings,1939,https://boxd.it/Ttw,Only Angels Have Wings
2023-01-04,I Am Cuba,1964,https://boxd.it/1hUQ,I Am Cuba
2023-01-04,Crimewave,1985,https://boxd.it/1BAc,Crimewave
2023-01-04,Away We Go,2009,https://boxd.it/1FpW,Away We Go
2023-01-04,Baraka,1992,https://boxd.it/1OWA,Baraka
2023-01-04,All Dogs Go to Heaven,1989,https://boxd.it/1TIo,All Dogs Go to Heaven
2023-01-04,Pusher III,2005,https://boxd.it/1U7e,Pusher III
2023-01-04,Tango & Cash,1989,https://boxd.it/1YdU,Tango & Cash
2023-01-04,The Right Stuff,1983,https://boxd.it/1YoS,The Right Stuff
2023-01-04,Black Snake Moan,2006,https://boxd.it/20KQ,Black Snake Moan
2023-01-04,Dogtown and Z-Boys,2001,https://boxd.it/28Wq,Dogtown and Z-Boys
2023-01-04,The Hidden Fortress,1958,https://boxd.it/295M,The Hidden Fortress
2023-01-04,Roman Holiday,1953,https://boxd.it/29zW,Roman Holiday
2023-01-04,8½,1963,https://boxd.it/2aqm,8½
2023-01-04,Samsara,2011,https://boxd.it/3ada,Samsara
2023-01-04,Ill Manors,2012,https://boxd.it/3Hn8,Ill Manors
2023-01-04,The New Watchdogs,2011,https://boxd.it/4K3W,The New Watchdogs
2023-01-04,Blackhat,2015,https://boxd.it/62Te,Blackhat
2023-01-04,Deepsea Challenge 3D,2014,https://boxd.it/8r0i,Deepsea Challenge 3D
2023-01-04,Back in Time,2015,https://boxd.it/aNRC,Back in Time
2023-01-04,The Wind and the Lion,1975,https://boxd.it/1NkA,The Wind and the Lion
2023-01-04,The Chinese Feast,1995,https://boxd.it/3gpQ,The Chinese Feast
2023-01-04,The Garden of Words,2013,https://boxd.it/5Ymq,The Garden of Words
2023-01-04,Young Detective Dee: Rise of the Sea Dragon,2013,https://boxd.it/6tz6,Young Detective Dee: Rise of the Sea Dragon
2023-02-12,Service,2008,https://boxd.it/1ZCG,Service
2023-02-13,Iria: Zeiram the Animation,1994,https://boxd.it/OmZu,Iria: Zeiram the Animation
2023-03-05,NARC,2002,https://boxd.it/1UPU,NARC
2023-03-07,Key the Metal Idol,1994,https://boxd.it/q0rC,Key the Metal Idol
2023-03-11,Cybernetics Guardian,1989,https://boxd.it/27i,Cybernetics Guardian
2023-03-17,A Chinese Ghost Story: The Tsui Hark Animation,1997,https://boxd.it/RZg,A Chinese Ghost Story: The Tsui Hark Animation
2023-03-18,Dragon's Heaven,1988,https://boxd.it/5aMe,Dragon's Heaven
2023-04-01,Prison on Fire,1987,https://boxd.it/w2C,Prison on Fire
2023-04-11,Cabeza de Vaca,1991,https://boxd.it/Yxe,Cabeza de Vaca
2023-05-20,The Thief of Bagdad,1940,https://boxd.it/1Sei,The Thief of Bagdad
2023-05-20,Johnny Mad Dog,2008,https://boxd.it/1Zz8,Johnny Mad Dog
2023-07-13,Dreams on Fire,2021,https://boxd.it/tyq0,Dreams on Fire
2023-07-18,"Lust, Caution",2007,https://boxd.it/244k,"Lust, Caution"
2023-07-25,Rock & Rule,1983,https://boxd.it/1C2K,Rock & Rule
2023-07-26,Cutie Honey,2004,https://boxd.it/1CHe,Cutie Honey
2023-08-17,The Apartment,1960,https://boxd.it/2aGE,The Apartment
2023-08-17,The Toxic Avenger,1984,https://boxd.it/1MAi,The Toxic Avenger
2023-09-20,The Admiral: Roaring Currents,2014,https://boxd.it/8J0U,The Admiral: Roaring Currents
2023-10-21,The Vourdalak,2023,https://boxd.it/DDdg,The Vourdalak
2023-11-04,Smugglers,2023,https://boxd.it/trRe,Smugglers
2023-11-06,Jallikattu,2019,https://boxd.it/kHjO,Jallikattu
2023-11-16,Kids Return,1996,https://boxd.it/1sfY,Kids Return
2023-11-21,The Day of the Beast,1995,https://boxd.it/1Vyg,The Day of the Beast
2023-12-04,The Cursed,2021,https://boxd.it/nms2,The Cursed
2023-12-13,The Survival of Kindness,2022,https://boxd.it/CKTw,The Survival of Kindness
2023-12-14,War and Peace,1967,https://boxd.it/1nRy,War and Peace
2023-12-19,"Girl, Interrupted",1999,https://boxd.it/25ds,"Girl, Interrupted"
2023-12-21,Robot Dreams,2023,https://boxd.it/vBZm,Robot Dreams
2023-12-29,Days of Being Wild,1990,https://boxd.it/1HbC,Days of Being Wild
2024-01-04,Doomed Megalopolis,1991,https://boxd.it/x18q,Doomed Megalopolis
2024-01-07,I'm Not Scared,2003,https://boxd.it/1w2O,I'm Not Scared
2024-01-14,The Lovers,1994,https://boxd.it/2sjI,The Lovers
2024-01-15,The Down-in-the-Hole Gang,1974,https://boxd.it/24Oi,The Down-in-the-Hole Gang
2024-01-24,Mononoke,2007,https://boxd.it/meNa,Mononoke
2024-01-24,The Idiots,1998,https://boxd.it/2amu,The Idiots
2024-01-24,The Kingdom,1994,https://boxd.it/1AZA,The Kingdom
2024-01-24,Dogville,2003,https://boxd.it/2a8W,Dogville
2024-01-24,Antichrist,2009,https://boxd.it/1Inu,Antichrist
2024-02-03,A Girl Walks Home Alone at Night,2014,https://boxd.it/7nZE,A Girl Walks Home Alone at Night
2024-02-05,The Dance of Reality,2013,https://boxd.it/4qFw,The Dance of Reality
2024-02-05,Endless Poetry,2016,https://boxd.it/aANs,Endless Poetry
2024-02-09,Orion and the Dark,2024,https://boxd.it/H2TW,Orion and the Dark
2024-02-09,Lost on Journey,2010,https://boxd.it/BH6,Lost on Journey
2024-02-28,Ride with the Devil,1999,https://boxd.it/1APq,Ride with the Devil
2024-03-15,"The Pig, the Snake and the Pigeon",2023,https://boxd.it/DAoU,"The Pig, the Snake and the Pigeon"
2024-03-20,Creation of the Gods I: Kingdom of Storms,2023,https://boxd.it/wllM,Creation of the Gods I: Kingdom of Storms
2024-04-09,The Chain Reaction,1980,https://boxd.it/fEk,The Chain Reaction
2024-04-10,Heresy,2024,https://boxd.it/Ki68,Heresy
2024-04-11,Zëiram,1991,https://boxd.it/1s6s,Zëiram
2024-04-11,The Ax,2005,https://boxd.it/1ebo,The Ax
2024-04-12,Gunhed,1989,https://boxd.it/20cO,Gunhed
2024-04-12,Bounce Ko Gals,1997,https://boxd.it/1sgC,Bounce Ko Gals
2024-04-22,Nomad,1982,https://boxd.it/4VI2,Nomad
2024-04-26,The Transgressor,1974,https://boxd.it/1300,The Transgressor
2024-05-13,Adagio,2023,https://boxd.it/CE5U,Adagio
2024-05-23,Kite,1998,https://boxd.it/1G8M,Kite
2024-05-28,Tigers Are Not Afraid,2017,https://boxd.it/bIww,Tigers Are Not Afraid
2024-05-28,Long Day's Journey Into Night,2018,https://boxd.it/hw1I,Long Day's Journey Into Night
2024-06-11,Labyrinth,1986,https://boxd.it/1POC,Labyrinth
2024-06-27,MirrorMask,2005,https://boxd.it/1NWk,MirrorMask
2024-07-13,Nacho Libre,2006,https://boxd.it/1YTG,Nacho Libre
2024-08-30,Alexander,2004,https://boxd.it/27K4,Alexander
2024-09-11,Special Section,1975,https://boxd.it/2MGi,Special Section
2024-11-09,Calamity,2020,https://boxd.it/lBQY,Calamity
2024-12-06,Ultraman: Rising,2024,https://boxd.it/vfFa,Ultraman: Rising
2024-12-29,Knit's Island,2023,https://boxd.it/FVze,Knit's Island
2025-01-06,RRR: Behind & Beyond,2024,https://boxd.it/RT3O,RRR: Behind & Beyond
2025-01-09,High and Low,1963,https://boxd.it/1RSc,High and Low
2025-01-09,"His Motorbike, Her Island",1986,https://boxd.it/9uk8,"His Motorbike, Her Island"
2025-01-27,A Dog Called... Vengeance,1977,https://boxd.it/3aC0,A Dog Called... Vengeance
2025-01-29,G.I. Samurai,1979,https://boxd.it/2zXA,G.I. Samurai
2025-02-06,Ne Zha,2019,https://boxd.it/mKSm,Ne Zha
2025-02-18,The Forbidden City,2025,https://boxd.it/GDXu,The Forbidden City
2025-02-21,Rigor Mortis,2013,https://boxd.it/6ipE,Rigor Mortis
2025-02-25,Metal Skin Panic MADOX-01,1987,https://boxd.it/a26,Metal Skin Panic MADOX-01
2025-03-11,1001 Nights,1998,https://boxd.it/XPc,1001 Nights
2025-03-30,The Three Burials of Melquiades Estrada,2005,https://boxd.it/20DK,The Three Burials of Melquiades Estrada
2025-04-24,The Reflecting Skin,1990,https://boxd.it/1CkY,The Reflecting Skin
2025-04-25,Eye for an Eye 2,2024,https://boxd.it/KWH4,Eye for an Eye 2
2025-06-13,We're the Millers,2013,https://boxd.it/4srQ,We're the Millers
2025-06-20,The Quiet Man,1952,https://boxd.it/25Iq,The Quiet Man
2025-06-20,Antarctica,1983,https://boxd.it/1HU8,Antarctica
2025-06-21,The Homesman,2014,https://boxd.it/7SXO,The Homesman
2025-06-25,The Day of the Locust,1975,https://boxd.it/23l0,The Day of the Locust
2025-06-25,Silent Movie,1976,https://boxd.it/1UXO,Silent Movie
2025-07-02,Angel Cop,1989,https://boxd.it/Oi1q,Angel Cop
2025-07-16,Hi-Five,2025,https://boxd.it/tQ18,Hi-Five
2025-07-17,When the Wind Blows,1986,https://boxd.it/1VdC,When the Wind Blows
2025-07-20,River,2023,https://boxd.it/H1sK,River
2025-07-26,The Taste of Others,2000,https://boxd.it/1VBY,The Taste of Others
2025-08-02,The War Game,1966,https://boxd.it/1tKe,The War Game
2025-08-29,I Am Frankelda,2025,https://boxd.it/GkEo,I Am Frankelda
2025-08-31,Ghost World,2001,https://boxd.it/28Dy,Ghost World
2025-09-08,Kin-dza-dza!,1986,https://boxd.it/1CMS,Kin-dza-dza!
2025-10-04,The Blade,1995,https://boxd.it/VSy,The Blade
2025-10-04,Inside Llewyn Davis,2013,https://boxd.it/34Ro,Inside Llewyn Davis
2025-10-16,Tracks,2013,https://boxd.it/67y6,Tracks
2025-10-16,Unbroken,2014,https://boxd.it/6IaA,Unbroken
2025-10-16,Angel Heart,1987,https://boxd.it/29WG,Angel Heart
2025-10-17,Bottoms,2023,https://boxd.it/uGf2,Bottoms
2025-10-18,Che: Part One,2008,https://boxd.it/1ZGe,Che: Part One
2025-10-23,Candyman,1992,https://boxd.it/1Ys6,Candyman
2025-10-30,No Other Choice,2025,https://boxd.it/nKiA,No Other Choice
2025-11-24,The Beasts,2022,https://boxd.it/w1L6,The Beasts
2025-11-30,The Nun,1966,https://boxd.it/WbK,The Nun
2025-12-10,Madame Tutli-Putli,2007,https://boxd.it/1cxW,Madame Tutli-Putli
2025-12-17,I Am What I Am,2021,https://boxd.it/vFx2,I Am What I Am
2025-12-21,Pixote,1980,https://boxd.it/XCs,Pixote
2026-01-07,Paperhouse,1988,https://boxd.it/Y50,Paperhouse
2026-01-08,Lighting Up the Stars,2022,https://boxd.it/zFts,Lighting Up the Stars
2026-01-09,Black Dog,2024,https://boxd.it/Lzqm,Black Dog